Название песни + исполнитель ,Отзыв,Ссылки,Depeche Mode Songs,Отзыв
Scorpions - Send me an angel,"Безумно красивая песня, наполнена любовью и страстью даже)",https://youtu.be/1UUYjd2rjsE?si=bN8BWkq1QAEVlaRd,Personal Jesus ,
Roxette - Crash! Boom! Bang!,"Смотря на название, можно подумать, что будет что то энергичное, но песня очень нежная",https://youtu.be/aoXrd3_3fYI?si=lyr4rGXx9lsTksWF,Enjoy the Silence ,
Madonna - Frozen ,Вот такое мне очень нравится!! Есть тут особый шарм,https://youtu.be/XS088Opj9o0?si=8vCDhl-vPdZDLlL2,Just Can't Get Enough,
Phil Collins - In the air tonight,"Я точно слышала эту песню раньше, нужно послушать еще раз, сейчас настроение не такое)",https://youtu.be/YkADj0TPrJA?si=s1Imu2_M2eSk454L,Policy of Truth,
Guns N' Roses - Sweet child o' mine,"Дааа) то, что мне нужно просто сейчас 10/10",https://www.youtube.com/watch?v=1w7OgIMMRc4,Never Let Me Down Again,
Mannequin (1987)/ Starship - Nothing's gonna stop us now,Хорошая,https://youtu.be/OUXsXQ359pk?si=0sRLx2ahpr_R_iQW,Walking in my Shoes,
Cinderella - Don't know what you got ,"Эту песню я уже слышала) Она у меня в плейлисте, чудесная!",https://youtu.be/i28UEoLXVFQ?si=CbjsY8_3qYlq-HT8,Strangelove ,
Foreigner - I want to know what love is,Мне тоже очень нравится!,https://youtu.be/r3Pr1_v7hsw?si=8WkmZM_xJCFYzefb,It's No Good,
Michael Bolton - When a man loves a woman,ОООО это дааа!! =whitesnake or even better...,https://youtu.be/MUuNDb-nm5M?si=2PLKId_4h_LzsWwj,People are People,
Silent Circle - Touch in the night,Ой и эту знаю) Танцую под нее)),https://youtu.be/3-nTXUUKCro?si=es89eMI9BZEPyz5H,Behind The Wheel,
Madonna - The power of good-bye,Голос...,https://youtu.be/NHydngA5C4E?si=mPVg1SpJKgfpwHfl,Barrel Of A Gun,
Glenn Medeiros - Nothing's gonna change my love for you,Тоже с уверенностью буду слушать еще,https://youtu.be/mUg5aEy-8CQ?si=SUJsDfoBkb9e1PTK,Heaven ,
La Roux - Cover my eyes,"Очень нравится, то что надо, слушаю довольно часто",https://youtu.be/llCCnpZYnJ4?si=pkV9hCX-cGOTiMLX,Don't Say You Love Me,
Pink Floyd - Shine on you crazy diamond,"Смотрю свои ответы из прошлого и понимаю, что просто Мне нравится не совсем подходит, чудесная песня:)))",https://youtu.be/cWGE9Gi0bB0?si=zarW4uGERpGkjoGw,Only When I Lose Myself,
While my guitar gently weeps,Моя маленькая любовь.. ,https://youtu.be/YFDg-pgE0Hk?si=ijea8Eg4wpaJhYme,My cosmos is mine,
Alice Cooper - Poison,Почему раньше была такая музыка!!!! Невероятно!!,https://youtu.be/Qq4j1LtCdww?si=Nu9RRSOpMTXF9Hvj,Wrong,
Queen - I want to break free,Ну это классика) Под нее суперски танцевать -Проверено!),https://youtu.be/WUOtCLOXgm8?si=P1TBumQ8PfO-cLqo,Freelove,
The Mamas & The Papas - California Dreamin',"Айй..у меня много чувств по поводу этой песни, она почему то родная",https://youtu.be/N-aK6JnyFmk?si=ug_ri2HomdEy4E4Q,In Your Room,
Valerie Dore - The night,"Все пишут, что очень скучают по 80, а как мне скучать?? Я тоже хочу.. но все, что могу, это наслаждаться ",https://youtu.be/80ssUKt76-c?si=5evoqw4xc1KbWbxB,A Pain That I'm Used To,
The cure - Lovesong,"ААААА я просто обожаю эту песню!! она прекрасная, пропитана такой приятной атмосферой, теплом и комфортом. По сей день слушаю с трепетом и радостью, просто вау!!!",https://youtu.be/ks_qOI0lzho?si=efuC7K32yzZQK6Af,Ghosts Again,
A-ha - Here i stand and face the rain,"Слышишь? Она такая же невероятная, как и ты, а слова то какие)",https://www.youtube.com/watch?v=96ufMxMs5Ag,Higher Love,
Stephen Duffy - Unkiss that kiss,"Если честно, за этой песней идет какое то желание что то исправить? Как будто помочь себе..",https://www.youtube.com/watch?v=7bZ3GfdfCuA,Waiting For The Night ,
Duran Duran -Ordinary World,Активно продолжаю слушать,https://www.youtube.com/watch?v=FqIACCH20JU,Halo,
Tina Turner - The best,"  Я знала эту песню уже довольно давно.  ""Make Tina proud"" Помню эти твои слова))",https://www.youtube.com/watch?v=GC5E8ie2pdM,Stripped,
Sinead O'Connor - Nothing Compares 2 U,"Мне кажется, что это одна из тех, которые ты слушаешь или вспоминаешь довольно часто) Может как то ответишь мне",https://youtu.be/0-EF60neguk?list=RD0-EF60neguk,Damaged People,
Bad Boys Blue - Kisses and tears ,"Мне так интересно читать комментарии под песнями) Тут у всех свидания и поцелуи под нее. Запомни это, повторим ахахах",https://www.youtube.com/watch?v=S0NdD7BKP9Y,Martyr,
"Paula Abdul - Rush, Rush",Какой голос... чистый такой,https://www.youtube.com/watch?v=yqyIaNWP0T0,Little 15 ,
Garbage - Milk ,I'm waiting for you)) Интересный комментарий,https://www.youtube.com/watch?v=y14Kp1DitpE,Useless,
F.R David - Words ,"Я послушала еще раз и поняла, что она напоминает тебя. С первого раза я этого не поняла, почему? Одним словом-шедевр",https://www.youtube.com/watch?v=PTsSk0r_Tq8,Precious,
Pet Shop Boys - Heart,Такая музыка для особенного места- сердца ,https://www.youtube.com/watch?v=wTkfK2g4pKI,I Feel You,
Wicked Game - Single edit,"Ойййй эта песня очень важная для меня, в довольно сложный момент она была рядом. Люблю очень",https://www.youtube.com/watch?v=jd-qI62gNJM,Condemnation ,
"Eurythmics. Annie Lennox, Dave Stewart - I saved the world today","Мне стыдно смотреть на свои отзывы в прошлом, возможно так и будет в будущем, но назвать эту песню позитивной было страшным делом..",https://youtu.be/Zf052uxFF58,I Feel Loved,
Zucchero&Paul Young - Senza una donna,"Мурашки по коже, господи и....ЛЮБЛЮ",https://www.youtube.com/watch?v=V69vs8JmXYM,Dream On,
Nelly Furtado - Say it right,"Когда то давно я украла эту песню из папиного плейлиста, а теперь у тебя. Делаю микс",https://www.youtube.com/watch?v=6JnGBs88sL0,A Question Of Time,
Pink Floyd - Learning to fly,"Я не украду у тебя его, я лишь немного позаимствую:))) ",https://www.youtube.com/watch?v=nVhNCTH8pDs,Suffer Well,
Roy Orbison -You got it,Мой плейлист состоит на 50% из такой музыки!,https://www.youtube.com/watch?v=TYQzIw0zat0,Home,
ICEHOUSE - Electric Blue,Еще одна невероятная песня!! Каждый день играет и я просто не могу сидеть и слушать. ,https://www.youtube.com/watch?v=IUFOVu1CurM,Clean,
Michael Bolton - Said i loved you... but i lied,"Люблю ее слушать, когда хочется забыть о многих вещах и просто насладиться",https://www.youtube.com/watch?v=bv5vMJKBAbo,World In My eyes,
Michael Bolton - To love somebody,"Мне понравилось свое высказывание, что песня хорошо передает те эмоции, которые сложно описать, например, любовь или любые приятные чувства ",https://www.youtube.com/watch?v=B8B1bjUEAaM,Master and Servant ,
Frank Sinatra - My way,Мои эмоции относительно этого прекрасного человека очевидны.. ОН ПРЕКРАСЕН,https://www.youtube.com/watch?v=qQzdAsjWGPg,See You,
Marina and the Diamonds - Power and control,"Впервые это песня показалась мне такой себе.. но теперь на слушается каждый день, это как? она просто добавляет какой то изюминки ",https://www.youtube.com/watch?v=o3Rp_0hoNTY,A Question Of Lust,
Fleetwood Mac - Dreams ,Очень хорошая!!,https://www.youtube.com/watch?v=mrZRURcb1cM,Where is the Revolution ,
No doubt - Don't speak ,"Боже:((( Я не могу описать ее словами.. одна из тех, что будет всегда",https://www.youtube.com/watch?v=TR3Vdo5etCQ,Shake The Disease,
Sarah McLachlan - Sweet Surrender,"Будет ли что то, что мне не понравится?",https://www.youtube.com/watch?v=h2JWJYLNUq4,Cover Me,
This Magic Moment - Jay and the americans,"Мы должны послушать это вместе!! если ты это читаешь, то должны))",https://www.youtube.com/watch?v=pKfASw6qoag,Everything Counts ,
Secret Service - Flash in the night ,"Раньше слушал папа, а теперь я.. в этом есть суть)",https://www.youtube.com/watch?v=jdhjexlQAcs,Somebody,
Animotion - Obsession,Мне нравится слова которые за кадром как будто,https://www.youtube.com/watch?v=hIs5StN8J-0,Speak to me,
System Reality - Helpless,"Сложно просто сидеть и слушать)) А как они двигаются и какой позитивный настрой, обожаю!",https://www.youtube.com/watch?v=ACHMhqDoYgw,The Things You Said,
Laura Branigan - Self Control,"Ты скидывал эту песню 3 раза и это заставило меня задуматься почему..Но есть один вечер, который напоминает мне ее, это когда фильм смотрели))",https://www.youtube.com/watch?v=RP0_8J7uxhs,Always You,
Bryan Adams - 18 Till i die,"Дааа, крутая!!",https://www.youtube.com/watch?v=Fl7E2MXSXlY,Продолжение следует...,
Pet Shop Boys - Opportunities,Это одна из твоих любимых групп? Очень много песен,https://www.youtube.com/watch?v=di60NYGu03Y,,
Pet Shop Boys - Paninaro,"Это для танцев? Если да, то поехали)",https://www.youtube.com/watch?v=LP-7-W70qXs,,
Michael Jackson - Remember the time,Ой какой это рай для ушей.. даааа,https://www.youtube.com/watch?v=LeiFF0gvqcc,,
Outkast - Hey Ya!,Хахахаха очень очень хорошо)) Поднимает настроение до небес,https://www.youtube.com/watch?v=PWgvGjAhvIw,,
Rod Stewart - Have i told you lately,Ой)) Ну романтика просто.. это точно мое),https://www.youtube.com/watch?v=b96d6-dMi7A,,
Chris Rea - Looking for the summer,"Пишет парень в комментариях, что он единственный, кто слушает такие песни)) А вот тут ошибка, не только у него прекрасный вкус)",https://www.youtube.com/watch?v=A8a6kHQN9BA,,
Savage - Only you,"Знаешь, все эти песни остаются в душе и каждая из них по своему особенная, как же я люблю это",https://www.youtube.com/watch?v=zMeBtd8z9go,,
По барабану бум-бум,"Даааа) я решила, что без этой песни не обойтись)) Такая добрая и кажется детская, но и тут есть свой смысл) Нужно быть как лисичка и так же чувствовать?)",https://youtu.be/DprW6j9---c,,
Samantha Fox - Touch me,"Какие у них тут прически, я не могу! Мне кажется тогда и жизнь по другому чувствовалась:( грустно",https://youtu.be/W1btg3mpEOc,,
Pat Benatar - Love is a Battlefield,Очень очень хорошая,https://youtu.be/IGVZOLV9SPo,,
Daryl Hall & John Oates - Out of touch ,"Божееее люблю ее, ну настолько позитивная и классная!!",https://youtu.be/D00M2KZH1J0,,
Kenya Grace - Strangers ,"Я слышала эту песню не так давно, но скажу честно, чувствую что это новая песня:))",https://youtu.be/S2TaAcwC_zI,,
Kylie Minogue - Can't get you out of my head," Ко мне приходит папин друг и говорит: Послушай эту песню срочно) Я ее знаю, но не слушаю. Но как для момента- супер",https://youtu.be/c18441Eh_WE,,
The romantics - Talking in your sleep,"Вот такое мне очень нравится) Не постоянно, но слушаю",https://youtu.be/JmGMzyajA2U,,
Whitesnake - Is this love,"Песня, которая прослушивается каждый божий день,вместе с депеш модом, ну очень нравиться. Все так подходит друг другу: клип, музыка, слова! Просто рай",https://youtu.be/ER1NXiS0bh0,,
Roxette - Listen to your heart,"Нужно немного времени, чтобы дать отзыв на эту песню",https://youtu.be/yCC_b5WHLX0,,
Scorpions -Still loving you,ВАу)) Это 100% да!,https://youtu.be/CjRas1yOWvo,,
Serge Gainsbourg & Jane Birkin - Je t'aime moi non plus,"В песне скрыто так много чувственности. любви и нежности, а французский просто ааа... Лера, будешь потом смотреть эти отзывы, обрати на это внимание",https://www.youtube.com/watch?v=GlpDf6XX_j0,,
Sarah McLachlan - Possession,"Какой голос, даа? Невероятно..",https://www.youtube.com/watch?v=itydwcyywBc,,
Jon Secada - Just another day,"Я очень люблю подобную музыку, она приятно наполняет тебя что ли?)) Я тоже умею так тянуть, позже покажу ахаха",https://www.youtube.com/watch?v=B6LhWbQthAI,,
Dannii Minogue - All i wanna do,"Это одна из тех красивых сестер)) Если предыдущая для успокоения, то эта нет. Я всегда хотела быть такой блондинкой ахха",https://youtu.be/_MAjm0QqJ7g,,
Sheryl Crow - If it makes you happy,Все просто - Это было круто!,https://www.youtube.com/watch?v=dyihQtBes1I,,
Fleetwood Mac - Little Lies,"аййййй...tell me tell me, this song can't be real. I don't like it, I LOVE IT",https://www.youtube.com/watch?v=uCGD9dT12C0,,
Fiction Factory - (Feels like) Heaven ,"Везде, где есть в названии Heaven автоматически мне нравится. Много слов не нужно)",https://www.youtube.com/watch?v=KQBoeBgb0uk,,
Orchestral Manoeuvres in the dark - Souvenir,"Это хорошая, но часто слушать не буду",https://www.youtube.com/watch?v=XDIYOiQUi2s,,
Pet Shop Boys - What have i done to deserve this,"Ох уже эти мальчики хаха, до написания этого отзыва песня слушалась раз 200, так что думаю это показатель)",https://www.youtube.com/watch?v=Wn9E5i7l-Eg,,
ERASURE - Oh L'Amour,Они немного напомнили мне депеш мод) ,https://www.youtube.com/watch?v=VEkhsxIFK7g,,
Erasure - Always,"Да да дааа, ты когда нибудь слушал ее на заднем плане? Она мне тебя напомнила, а значит мне очень нравится.",https://youtu.be/lWqJTKdznaM,,
The Heights - How do you talk to an angel,"Такие слова эххх) Не нужно мне такое романтичное слушать, сердце болит хех",https://www.youtube.com/watch?v=csATriX8Ed0,,
Heart - What about love?,"Хочу слушать такое постоянно, она вызывает мурашки, а вокал так вообще",https://youtu.be/KE5GGMhmo-M?list=RDyMzyleT2FqY,,
Tears for fears - Head over heels,"Скажи честно, ты в клипе снимался? С книгами)) А сама песня очень знакомая",https://youtu.be/CsHiG-43Fzg?list=RDyMzyleT2FqY,,
Soundgarden - Black hole sun,"Моя новая маленькая любовь. Да что тут говорить, ее Тася тоже любит. ",https://youtu.be/3mbBbFH9fAg,,
The Kelly Family - Fell in love with an alien,"Я раньше слушала эту песню. Сейчас не так часто, но она безумно красивая и чувственная ",https://www.youtube.com/watch?v=diCf5Sep5Fo,,
Shakespears Sister - Stay,ой мамочки...( она моя) ,https://youtu.be/yp9ROv7o_mQ,,
Peter Gabriel - Don't give up,"Я люблю, когда поет и мужчина, и женщина. Тогда песня становиться очень чувственное и нежной. Когда в один миг грубый мужской голос, а в другой женский",https://youtu.be/VjEq-r2agqc,,
Annie Lennox - Why,Закрываю глаза и наслаждаюсь,https://youtu.be/HG7I4oniOyA,,
Eric Carmen - Hungry Eyes ,Хочу смотреть таким же взглядом)) Можно же? ,https://www.youtube.com/watch?v=2ssCL292DQA,,
Roxy Music - More than this ,"Пересмотреть бы. как говорят right person, wrong time. Так написала женщина в комментариях. А мне кажется время как раз подходящее)",https://www.youtube.com/watch?v=bjvVNyBTSP8,,
Pet Shop Boys - Can you forgive her?,"Мне нравится эта группа) Но не все песни, это неплохая, но не часто",https://www.youtube.com/watch?v=Me4AhOi6LYE,,
Inner Circle - Sweat ,ахахах вот поднимает настроение)) Хорошенькая,https://www.youtube.com/watch?v=uc2UEfWjvo8,,
Madonna - Frozen ,"Не понимаю, как она так чисто поет.. еще удивила сама мадонна у тебя в плейлисте",https://youtu.be/XS088Opj9o0,,
Brenda Lee - Emotions ,"Оййй) Это пошли my favourite kind of music.  АА боже... Как же мне культурно описать)) Глаза много говорят, посмотри на меня, когда я буду ее слушать",https://youtu.be/Tto9-9PGVJw?si=509CLpqjziT2LUvg,,
Santo & Johnny - And I love her,Same!! Послушать один раз? невозможно,https://youtu.be/acehdUenKGY,,
Alison Moyet - Love Resurrection,"Тут такой ритм, что хочется двигаться",https://youtu.be/0xE-2DcYAlo,,
Joy Division - Love will tear us apart,"я больше люблю спокойные песни, но это приятная, хоть и слишком громкая",https://youtu.be/zuuObGsB0No,,
Sade - No ordinary love,"You took my love... Эта будет наша песня, ай надеюсь ты не против, просто подходит",https://youtu.be/_WcWHZc8s2I?list=RDux3u31SAeEM,,
Art of Noise - Moments in love,"Ого..ОГО. Нет, я не согласна назвать это просто музыкой. Это не просто. Вау...",https://youtu.be/vScoKuG3tw0?list=OLAK5uy_mYU2hVDGh6lbGWiiZluTXBCuc6ZSw8d-o,,
"Naked Eyes - Promises, Promises","Если слова с контекстом, то я меняю это)",https://youtu.be/YYtBF1OVciU?list=RDYYtBF1OVciU,,
WASP - Keep holding on ,"Я послушала со словами, я их изучила. И могу сказать, что это было невероятно. очень хочу послушать еще раз.Некоторые вещи стали понятнее, да, думаю да. А еще я поняла, что очень скучаю..",https://youtu.be/FBmTdJCdMvc,,
Carl Hunter - 03 Never never comes,я хочу послушать несколько песен этой группы. Почему то цепляет,https://youtu.be/5aagF5TFsDw?list=PLpdr8aIuVmXUEVO4FIJzAuolC62sA5S8W,,
D.J.Savage - Rain of love,Довольно неплохая,https://www.youtube.com/watch?v=VdlYq4Vs_DU&pp=ygUWZGogc2F2YWdlIHJhaW4gb2YgbG92ZQ%3D%3D,,
Aerosmith - Pink,"Ты знаешь мою любовь к этой песни, так что эта группа заняла отдельное место в сердечке))",https://www.youtube.com/watch?v=ZfbBqBOSXlU&pp=ygUPcm9jayBzb25ncyBwaW5r,,
Love Fool - The Cardigans ,"Это красота у меня уже давно! Love me love me)) Ай ну очень классная, еще мне нравится ее голос. А еще такое ощущение Франции.. не знаю почему",https://youtu.be/BqslvnSX5xo?list=PL3578019410C43F9C,,
The Cars - Drive,"На самом деле, слова очень много означают. Не только про вторую половинку, но и с друзьями",https://youtu.be/xuZA6qiJVfU,,
The Cars - You might think,"Вроде мое, а вроде совсем не мое. Мы еще с ней не определились",https://youtu.be/3dOx510kyOs,,
Kate Bush - Running up that hill," Что то очень знакомое.. Она наверника очень популярная. Но скажу честно, ее заездили в сети.. и уже не та атмосфера:(",https://youtu.be/wp43OdtAAkM?list=RDCsHiG-43Fzg,,
Crowded House - Dont Dream its over,"Довольно relaxing..Так, что хочется плавно двигаться, приятная",https://youtu.be/J9gKyRmic20?list=RDCsHiG-43Fzg,,
Falco - Vienna Calling ,"Некоторые моменты необычно звучат, но так хорошо",https://youtu.be/MTlSjRMx5Ic?list=RDMTlSjRMx5Ic,,
Fleur - Теплые коты,"Музыка тут просто вау, я обожаю такое. Мысли переполнены мурчащими котами)) АЙ очень очень теплая, даже осенняя песня..",https://youtu.be/be0JV7wWdTA?si=pLlJJl1atYSkgL6H,,
Laid Back - Bakerman,"Звучит сексуально, очень даже. Но не в плане извращений, а наоборот вот эта природная сексуальность.. сложно объяснить, но вот так",https://youtu.be/yByP88jUQH4,,
ZZ Top - Gimme All your lovin',Слушать в правильном настроении. Когда вот хочется прочувствовать всю эту атмосферу,https://youtu.be/Ae829mFAGGE,,
AC/DC - Thunderstruck,"У меня заболело горло, как он так поет..",https://youtu.be/v2AC41dglnM,,
Алла Пугачева - Этот мир,"У меня песни на русском, а тем более такие заставляют меня грустить(( и скучать по тебе)",https://youtu.be/CSnK-OQfi4w,,
Naked Eyes - Eyes of a child ,"Да, вот тут все хорошо",https://youtu.be/FYqUMqUTHns,,
Cretu & Thiers - When Love is the missing world,"Песня правда хорошая, но я не увидела чего то, что могло меня бы подцепить",https://youtu.be/EIS0W4esOXk,,
London Boys - Harlem Desire,"Ну тут танцевать нужно так же, как и мужчины в клипе:))",https://youtu.be/ohWU8j_2iEg,,
Facts & Fiction - Give me the night ,"Интересное у тебя настроение было в тот момент)) КАждая песня вызывает подергивание хаха, ну в плане танцев. Они тоже для определенного времени",https://youtu.be/6TABd55ughg,,
Helpless ( The flirts) ,"Слушая очень часто, цепляет)",https://youtu.be/ACHMhqDoYgw,,
Michael Cretu - Samurai,"Заставляет переслушивать еще и еще, мне нравится",https://youtu.be/NqW_PD-A7hk,,
Sandra Maria Magdalena,Начало суперское..да и сама чудесная,https://youtu.be/qwrrpBc7xWA,,
Corona - The rhythm of the night ,"Тоже популярная) Встречаю очень часто, да и слушаю тоже",https://youtu.be/OnT58cIJSpw,,
Mr. Vain ,"Единственный минус этой песни, что ее слишком сильно начали использовать в соцсетях. Не надо.. вообще меня бесит, когда это делают. Вот с last day так же произошло. Она моя!!",https://youtu.be/V3qUoiwr5kQ,,
Vanilla Ice - Ice Ice baby,"Необычно, очень необычно.. Не думала, что ты такое любишь) Ну так, момент найти нужно хаха",https://youtu.be/rog8ou-ZepE,,
SNAP! - The power ,"хахахах, мне нравится))",https://youtu.be/nm6DO_7px1I,,
Milli Vanilli - Blame it on the rain ,Пока нет.. попробую позже,https://youtu.be/BI5IA8assfk,,
Righteous Brothers | Unchained Melody,"Ну конечно дааа, я обожаю ее.. Прошу больше таким песен, они невероятны!! Я хочу слушать их постоянно",https://youtu.be/MhAE3lQ_FHg,,
Armageddon - Don't want to miss a thing Aerosmith,"Без слов, она того стоит!",https://youtu.be/Jz8TZrGAoiU,,
PLAZMA - Take My Love ,"Not bad, not bad",https://youtu.be/tfCBoVy6vWM,,
Haddaway - What is love ,"А вот эта песня уже моего детства, я кажется тебе говорила. Меня тогда две девочки оставили и чтобы не грустить я слушала ее каждый день)",https://youtu.be/z3mzvJiUZao,,
Gotye - Somebody that I used to know,До безумия красивая!!!,https://youtu.be/8UVNT4wvIGY,,
LondonBeat - I've been thinking about you ,"Есть тут что то, попробую еще в наушниках или соседей позволю, чтобы не расслаблялись",https://youtu.be/bDwI_cJ7Eds,,
DEF LEPPARD - Pour some sugar on me ,"ойойойой, это супер круто!",https://youtu.be/0UIB9Y4OFPs,,
2CELLOS - Thunderstruck,"А.. у меня слов нету, это что за шедевр, закройте мне кто нибудь рот.. Это же виолончель, верно?",https://youtu.be/uT3SBzmDxGk,,
AC/DC - You shook me all night long ,"Заинерисовали, я посушаю что то еще в этой группы",https://youtu.be/Lo2qQmj0_h4,,
Bon Jovi - Always ,Я сделаю так.. и станет понятно,https://youtu.be/9BMwcO6_hyA,,
Aerosmith - Crazy ,"Мои любимые пошли, слушаю каждый день, абсолютно каждый день! Эту и все те, что ниже. Боже как я ее люблю, crazy",https://youtu.be/NMNgbISmF4I,,
Aerosmith - Pink,"  Я коментировала ее чуть выше, повторилась",-,,
Aerosmith - Hole in my soul,"Если я не ошибаюсь, то эта твоя любимая)) У тебя чудесный вкус))) хех",https://youtu.be/HaC0s-FP-r4,,
Aerosmith - Amazing,Я просто уже не могу жить без них..,https://youtu.be/zSmOvYzSeaQ,,
Depeche mode - Goodnight Lovers ,"Мне очень сложно себя сдерживать... ПОТОМУ ЧТО НЕЗАКОННО ТАКОЕ ДЕЛАТЬ, АААААААА ТЫ ЖЕ ТОЖЕ ЭТО СЛЫШИШЬ, вот бы только мы вдвоем слушали ее и больше никто",https://youtu.be/jmY_MiJ1hAY,,
Владимир Кузьмин - Симона ,Я как будто смотрю детектив.. Ухты,https://youtu.be/JibFwyaIjbE,,
Электронный мальчик - Девушка с Урала ,"Я очень редко слушала русские песни, были только англ. Это было ошибкой",https://youtu.be/tArFyWONhSI,,
"Спасибо, Май!",Очень даже хорошая,https://youtu.be/s6HFXxcdf5Q,,
"Шурочкин Владимир - Гудбай, бэби","Как с такого.. люди начали петь так, как поют сейчас..НУ КАК",https://youtu.be/r1W6vOBUfpg,,
Depeche mode - The Bottom Line,"Боже, господи.. так будет со всеми песнями? Они как зависимость уже, голос заставляет чувствовать себя дома, хорошо, комфортно. Этот именно тот случай, когда домом можно назвать не только место, где ты проживаешь. Я хочу облиться этой музыкой, хочу жить ей..",https://youtu.be/8nPq2Wgo4r8,,
Валентин Стрыкало - Космос нас ждет ,Хочу закрыть глаза и забыть обо всем с этой песней,https://youtu.be/Q2KsIGLTQfA,,
Monte Kristo - The girl of lucifer ,"Мне понравилась, а еще я вспомнила тот вопрос хахах",https://youtu.be/7jB2Z40Shf4,,
Мумий Тролль - Дельфины ,"Эту я точно когда то слышала, но слова такие ну.. интересные)",https://youtu.be/V7iCZQgK0SQ?list=RDSIjGAzFOPTg,,
Blue System - 48 hours ,"Оу, это очень очень даже хорошо. Это у него такой голос.. хочется слушать",https://youtu.be/mEKuHBYUl_Y,,
Josep Porto - Nova Esplendor,"Довольно спокойно, красиво",https://youtu.be/ZQ1Mhs1HfUQ,,
Алла Пугачева - Отражение в воде ,Есть одно движение смешное и под эту песню хочется его делать:)),https://youtu.be/ilrAfrsaDK0,,
Sandra - Casino Royale ,"Тут фон намного интереснее.. звучит шикарно, сложно объяснить, так как не совсем в это понимаю, но я говорю про звуки уууу тутуту хаха",https://youtu.be/35CrbxDRepo,,
Kelly Brown - Only you can ,Такой формат шикарен,https://youtu.be/WRFpvRFRhHc,,
Nina's 98 - Popcorn original song ,"Ооо та ну... что за мелодия до безумия знакомая, она будто с моего детства..",https://youtu.be/NjxNnqTcHhg,,
Sandra - Stop for a minute ,Мне начинает она нравится)) Уже не первая ее песня и есть тут что то,https://youtu.be/Bg1O-Da4Jgw,,
Men at work - Down Under ,"Аййй очень приятна атмосфера, такая тадам тадам тадам)",https://youtu.be/XfR9iY5y94s,,
Поп сервис - Хрустальные замки  ,Так понимаю хрустальные замки это какие то невыполненные обещания? ,https://youtu.be/AE5UiwVda0Q,,
Алла Пугачева - Королева ,"Королева, ах королева))",https://youtu.be/EprThrydbOk,,
Виктор Салтыков - Давайте созвонимся,"Давайте, хорошая идея, давно пора хахах",https://youtu.be/0aAI1GdTCGQ,,
Digitalo - Girl from Russia ,"Так, это что такое.. ахха я бы расписала, но не буду. я уже не настолько ахах, а сама песня очень позитивная, я люблю такой kind of singing",https://youtu.be/L7e6DxLL4sE,,
Digitalo - Love me endlessly ,Думаю неплохая,https://youtu.be/AJ0aXeU2NU8,,
Ice MC - Easy ,"Easy to remember, эта часть мне понравилась и еще где женский голос тоже хорошо, сами куплеты немного грубоваты",https://youtu.be/O3UWO_0roqw,,
SNAP! - Rhythm is a dancer ,"Даааа, она у меня частенько слушается, чудесная",https://youtu.be/JYIaWeVL1JM,,
Stanley Foort - Heaven is here ,Снова heaven?))) В голове просто заседает..,https://youtu.be/hVRG2UGfdZE,,
Everything but the girl - Missing ,В наушники и на прогулку,https://youtu.be/U56Ns66Qrb8,,
Boy Meets Girl - Waiting for a star to fall,"Клип такой красивый), реально как фильм",https://youtu.be/RhxF9Qg5mOU,,
Volare - Domenico Modugno,"ох.. слов нету, как же нежно боже..",https://youtu.be/0VAPgaVStS4,,
Somewhere over the rainbow - The Wizard of Oz,Это что за красота такая пошла..,https://youtu.be/PSZxmZmBfnU,,
Andy Williams - Moon river ,"аааа Мурка, что за попадания такие пошли, тут понимаешь, сложно писать, тут только слушать, слушать, слушать",https://youtu.be/6oLfUnImgEs,,
I will follow him Peggy March ,"божечки-кошечки.., это я должна тебе говорить, что will follow you)",https://youtu.be/X9Qy9EXaOo0,,
Johnny Nash - I can see clearly now ,"Я хочу сидеть так с тобой рядом и слушать эту песню. Ты будешь заниматься своими делами, я своими, но мы будем вместе",https://youtu.be/g_rB4v75jqU,,
Roy Orbison - I drove all night ,Чувствительная песня.. как то даже грустно стало:((,https://youtu.be/m5N9IHqqGcA,,
Vaya Con Dios - what's a woman ,"Смысл есть хах. Очень сексуально, беру к себе",https://youtu.be/UepDL4bkgKQ,,
Pretty in pink - if you leave ,Эта так же ко мне),https://youtu.be/fDFmRETqKTs,,
Mflex Sounds feat. Silvia Napoli - The power of pleasure ,"Легко слушать, например, поставить на фон, хоть я и не совсем фанат такого",https://youtu.be/GtyR8w6REXE,,
Группа АНОНС - ОЛЯ и СПИД ,"ахха Мурка, что за советы)), но врать не буду, забавно)",https://youtu.be/kp7GSt_6PkU,,
Шоколад - Елена ,"Вот тут совсем другая история, понравилась",https://youtu.be/av239jgw4Lc,,
Las Ketchup - The Ketchup Song,"Серьезно?? это она.. Одна из самых любимых, вау хаха",https://youtu.be/AMT698ArSfQ,,
Aqua - Around the world ,Хочешь такую же песню запишем? хахах,https://youtu.be/maUPpTiU-mo,,
Aqua - Lollipop,Начало будто гимн Украины)) Они прикольные,https://youtu.be/jc7r_B0ZWDY,,
George Harrison - Got my mind set on you ,Клип конечно шикарный))) Хорошая песня,https://youtu.be/_71w4UA2Oxo,,
Carly Simon -  You're so vain ,"Я поняла одну вещь, чем страрее песня, тем больше она мне нравится",https://youtu.be/3F6VsFau5IA,,
Right Said Fred - I'm too sexy,"Хаххааха Мурка, ты что)) Я думала это я могу что то такое слушать иногда ( в тайне)",https://youtu.be/OxZp4VEopcE,,
The KLF - Last train to Trancentral 12 ,Немного не то,https://youtu.be/_hnYKTys8rU,,
Dusty Springfield - Son of preacher man ,"Даа, мое! ",https://youtu.be/us3AZOVq2g4,,
I can dream about you ,"Расслабляет, Хорошая",https://youtu.be/URpXYu6tIew,,
Nights in white satin - The moody blues ,"Закрываю глаза и погружаюсь в эту атмосферу, мне нравится",https://youtu.be/Mim-vSwhxZI,,
Машина Времени - Костер ,,https://youtu.be/bfarmu6JvrY,,
The Alan Parsons Project - Don't answer me ,,https://youtu.be/JLvFbBR4XOg,,
Electric Light orchestra - Telephone line ,,https://youtu.be/77R1Wp6Y_5Y,,
Queen - Bohemian Rhapsody ,,https://youtu.be/fJ9rUzIMcZQ,,
Styx - Too much time on my hands ,,https://youtu.be/5XcKBmdfpWs,,
Motley Crue - Kickstart my heart ,,https://youtu.be/81UGSwR9qas,,
"Sparks - When do I get to sing ""My way""",,https://youtu.be/dibmVb1hBR4,,
Було скучно ,,https://youtu.be/znaYY2MFJmI?list=PLoVocwR30zAcxW-irwblaf2TROpL_335S,,
Машина времени - Синяя птица ,,https://youtu.be/slMA4KrD4d0,,
Александр Абдулов и Геннадий Гладков - Неаполитанская песня ,,https://youtu.be/S4SatgGwm9Q,,
Jurij Antonov - Зеркало ,,https://youtu.be/TAdIq7lSChA,,
Александр Барыкин - Букет ,,https://youtu.be/G5iAcFKvXQA,,
Игорь Скляр - Суббота есть суббота ,,https://youtu.be/lT9-LZ4eX_U,,
Империя - Поезд на Ленинград ,,https://youtu.be/gwKwtFFU3dQ,,
La Roux - In for the kill,,https://youtu.be/tXtATeQ7GKg,,
"Николай Караченцов, Ирина Уварова - что тебе подарить? ",,https://youtu.be/5LWe65mW2Lk,,
София Ротару - Луна луна ,,https://youtu.be/BCxRwkSUm_s,,
Валентина Легкоступова - Ягода- малина,,https://youtu.be/rysWTJ4hsVw,,
Вячеслав Добрынин - Колдовское озеро ,,https://youtu.be/XrItqT8Oj6o,,
Владимир Кузьмин - Симона ,,https://youtu.be/Ddkphs6b3Dg,,
Владимир Кузьмин - Я не забуду тебя ,,https://youtu.be/v2GrVfLgT38,,
Юрий Антонов - От печали до радости ,,https://youtu.be/TnwYigv_clc,,
Браво - Верю я ,,https://youtu.be/dTzWGeOmb4Q,,
Юрий Визбор - Милая моя ,,https://youtu.be/uaQx4o8kmLM,,
Баллада о книжных детях ,,https://youtu.be/G_gZYebZzKo,,
Дмитрий Маликов - Звезда моя далекая ,,https://youtu.be/nAA4SukkkwI,,
"Он пришел, этот добрый день ",,https://youtu.be/ZfxQhTnpdFs,,
Эдуард Артемьев - Город,,https://youtu.be/bU_UopQUdxc,,
Серый дождь ,,-,,
Монеточка - Я Лиза,,https://youtu.be/PYx-ccjb_ZE,,
Lynyrd Skynyrd - Free Bird,,https://youtu.be/0LwcvjNJTuM,,
Наталья Ветлицкая - Я останусь с тобой ,,https://youtu.be/7BFoSPQeah0,,
LENA - run to me ,,https://youtu.be/SK19CktjQ6g,,
Галина Горбаль - Галя Молода,"Неожиданно)) хаха, но я люблю такие песни, поднимают настроение:)",https://youtu.be/xgv4C2BNDxE?si=qcTLsgbDfuQulMPB,,
Talking Heads - Road to Nowhere,,https://youtu.be/LQiOA7euaYA,,
Belinda Carlisle - Circle in the sand ,,https://youtu.be/9NvUv7OdTQw,,
David Bowie - Ashes to Ashes ,,https://youtu.be/HyMm4rJemtI,,
Fine Young Cannibals - She drives me crazy,,https://youtu.be/UtvmTu4zAMg,,
Gary Moore - Empty rooms ,,https://youtu.be/1uGQjnc9Jsk,,
Icehouse - Hey little girl ,,https://youtu.be/OKDYyFf1s0I,,
Jon Astley - Jane's Getting Serious ,,https://www.youtube.com/watch?v=sNs6X2kBJh8,,
The picture - Hubert Kah,,https://youtu.be/qP2gmpoQdlk,,
Maggie Reilly - Everytime we touch ,,https://youtu.be/hTyCLMA90xM,,
Queen - A kind of magic ,,https://youtu.be/0p_1QSUsbsM,,
A'Studio - Джулия,,https://youtu.be/U83mbvS6BNw,,
Браво - Дорога в облака ,,https://youtu.be/VyS9GKNUsWI,,
Группа ноль - Человек и кошка ,,https://youtu.be/0m2LXBgrEOg,,
The Beatles - Something ,,https://youtu.be/UelDrZ1aFeY,,
Найк Борзов - Верхом на звезде,,https://youtu.be/hz4YfY4agT8?list=RDhz4YfY4agT8,,
Paul McCartney - Hope of Deliverance ,,https://youtu.be/BPJIQhjzR7g,,
Маша и медведи - Любочка,,https://youtu.be/_e0mMPqXgwk?list=RDhz4YfY4agT8,,
Браво - Любите девушки ,,https://youtu.be/qvyLSXGwoMw?list=RDhz4YfY4agT8,,
Мумий Тролль - Это по любви ,,https://youtu.be/OmFFmxdqv-Y?list=RDhz4YfY4agT8,,
Nautilus Pompilius - Дыхание ,,https://youtu.be/RIFokHSOCDs?list=RDhz4YfY4agT8,,
Танцы минус - Половинка ,,https://youtu.be/hqBBM7ioil8?list=RDhz4YfY4agT8,,
Братья Грим - Ресницы ,,https://youtu.be/ZENCTedP0Ec?list=RDhz4YfY4agT8,,
Валерий Сюткин - 7 тысяч над землей ,,https://youtu.be/OHi47Jwq1Sk,,
"Валерий Сюткин - Я то, что надо ",,https://youtu.be/awq0g4RkZDo?list=PL9ZeTVG0hjnTwg8yWk7Y5FDy1hSXDYJey,,
Chaif - Время не ждет ,,https://youtu.be/BHRX1I4d98I,,
Дискотека Авария - Малинки,,https://youtu.be/OHFoSazvV88,,
Асмолов Владимир - Кошечка ,,https://youtu.be/SiUMr9x3qLo,,
Братья Грим - Кустурица ,,https://youtu.be/hLATRbK1MuM,,
The Knack - My Sharona ,,https://youtu.be/bbr60I0u2Ng,,
Candy Dulfer & David A. Stewart - Lily Was Here,,https://youtu.be/86BmSaXZMHw,,
Heart - Alone ,,https://youtu.be/1Cw1ng75KP0,,
Cheap Trick - The Flame ,,https://youtu.be/muhFxXce6nA,,
группа Дорогое удовольствие - Тётя Нюра давай,,https://youtu.be/MA-3CQSffeU,,
Пропаганда - Мелом ,,https://youtu.be/2-qE1a66lLo,,
Сектор газа - Колхозный панк ,"Ты меня удивил, честно хахахаха. Признаю, это очень веселит и даже заводит, в веселом плане",https://youtu.be/Y_KeGVmuvpQ,,
Вадяра Блюз - Есть как есть ,,https://youtu.be/FsaOhHnl8PM,,
Тяжелый день - Сергей Минаев ,,https://youtu.be/nJ2pTlFlMwE,,
КАИР - Девочка самый смак!,,https://youtu.be/fPvFHd-UkvI,,
Электронный мальчик - Дитер Болен не курит ,,https://youtu.be/oq6fzKEPLxM,,
"Екатерина Семенова - Чтоб не пил, не курил",,https://youtu.be/dyJg1vvNEcU,,
Валерий Чистяков - Нам нужен секс ,,https://www.youtube.com/watch?v=-Tf7VW8J8LI,,
Юрий Антонов - От печали до радости ,,https://youtu.be/x3lcVvkNSAo,,
Альфа - Я сделан из такого вещества ,,https://youtu.be/1wJPSSITKZI,,
Александр Яковлев - И я покину суету московских улиц,,https://youtu.be/BbcOg9EpjQo,,
The Alan Persons Project - Old and Wise,,https://youtu.be/FDlDKvidYbk,,
Ария - Потеряный Рай - (2000),,https://youtu.be/MYfSYNgFkfI,,
"Midnight Oil - Beds Are Burning
",,https://youtu.be/ejorQVy3m8E?list=RDcNd4eocq2K0,,
Виктор Цой - Перемен,,https://youtu.be/xcwo9CUXNpY,,
Dancing On My Own (Extended Version),,https://youtu.be/mK23G8IPPJk,,
Eric Clapton - Wonderful Tonight [Lyrics],,"
https://youtu.be/d4_QuMkOdCI",,
Neoton Familia - Ki szol,,https://youtu.be/T0OWIaR5SoQ?si=2eGCp_SlxKYuSqDa,,
Why did you do it just tonight - Modern talking ,,https://youtu.be/NFb7-IhugNo?si=cTUSdYGd0nkLOEgu,,
Stevie Wonder - Ma Cherie Amour,,https://youtu.be/Fb4jguPLceQ?list=PL77007411567F62B7,,
Stevie Wonder - Land of La La,,https://youtu.be/GEre6jxbI-8?list=PL77007411567F62B7,,
London Boys - Love Train ,,https://youtu.be/DuClVITgL_M?si=cBL88tncqjYRs42i,,
Сергей Беликов - Будь за меня спокоен,,https://youtu.be/5ZADeCyJRNQ?si=hKZaiQajGPfUR6Kd,,
Scorpions - Under the same sun,,https://youtu.be/1m3SkA0Gl7Y?si=xQ0m2nvljH-sAXeS,,
Kelly Brown - Only you can ( you make me feel),,https://youtu.be/pg9mBj0M9fg?si=Q-xYLAixgvRvuNIP,,
Billy Ocean - Caribbean Queen (No more love on the run),,https://youtu.be/uxX2gA18grk?si=FT6gHeshH6upc7nO,,
Roxanne - Give a Little Love FULL ,,https://youtu.be/M5nkSqW9PpU?si=z3IZ7xB8ygYetTBp,,
Milli Vanilli - Girl you know it's true ,,https://youtu.be/RdSmokR0Enk,,
MC Hammer - 2 legit 2 quit,,https://youtu.be/wiyYozeOoKs,,
The KLF - Last Train to Trancentral,,https://www.youtube.com/watch?v=pC_zffOenk8,,
Noel - Silent Morning ,,https://youtu.be/bzA6yO7BO10?list=RDbzA6yO7BO10,,
Salt-N-Pepa - Push it ,,https://youtu.be/vCadcBR95oU?list=RDbzA6yO7BO10,,
Technotronic - Pump Up The Jam,,https://youtu.be/9EcjWd-O4jI?list=RDbzA6yO7BO10,,
Gonna Make you Sweat  C&C Music Factory,,https://youtu.be/LaTGrV58wec?list=RDbzA6yO7BO10,,
Haddaway - Rock My Heart ,,https://youtu.be/uOsPIbboJUg?list=RDbzA6yO7BO10,,
Set Adrift On Memory Bliss - PM Dawn ,,https://youtu.be/0AOVf9p9ht4,,
George Michael - Father Figure ,,https://youtu.be/m_9hfHvQSNo?list=RDbzA6yO7BO10,,
Richard Marx - Hazard,,https://youtu.be/gdmHHoI9beM?list=RDbzA6yO7BO10,,
Third World - Now That We Found Love ,,https://youtu.be/_5sA8WKxyjQ,,
The Human League - Don't you Want Me ,,https://youtu.be/uPudE8nDog0?list=RDbzA6yO7BO10,,
Real Life - Send me An Angel ,,https://youtu.be/0R6WIbx8ysE?list=RDbzA6yO7BO10,,
Paul Young - Everytime you go away,,https://youtu.be/nfk6sCzRTbM?list=RDbzA6yO7BO10,,
Savage - Don't cry tonight ,,https://youtu.be/M3rQN82xkUk?list=RDbzA6yO7BO10,,
Captain Hollywood Project - More and More ,,https://youtu.be/V-rS174AUT0?list=RDbzA6yO7BO10,,
No Mercy - Missing ,,https://youtu.be/73NY_bSbgqE?list=RDbzA6yO7BO10,,
Sonique - It Feels So Good ,,https://youtu.be/0CuO2ZpqkBM?list=RDbzA6yO7BO10,,
I will Fly with you - Gigi D'Agostino ,,https://youtu.be/OHZQqGdDIQE?list=RDbzA6yO7BO10,,
К.А.И.Р - Девчонки мандаринки,,https://youtu.be/2aX85H9fRVo,,
"Girl, you are my song - F R David",,https://youtu.be/7LpFMFpxkF0,,
Extreme - More than words,,https://youtu.be/UrIiLvg58SY,,
"Lionel Richie - Say you, say me",,https://youtu.be/9OfoTaLXrUo,,
Natalie Cole - Miss you like crazy,,https://youtu.be/2nR8QbmjM7s,,
Woman in love - Barbra Streisand,,https://youtu.be/Y8dL8Q7_9aY,,
Nancy Sinatra - These Boots Are made for walkin',,https://youtu.be/GM1kzbAgo_E,,
Happy Together - The Turtles,,https://youtu.be/9ZEURntrQOg,,
Tommy James and the Shondells - Crimson & Clover ,,https://youtu.be/XS0niyiKlcw,,
The Animals - House of The Rising Sun,,https://youtu.be/N4bFqW_eu2I,,
The Doobie Brothers - What a Fool Believes,,https://youtu.be/o1BqHjNafRk,,
Steve Winwood - Higher Love,,https://youtu.be/k9olaIio3l8,,
Kim Carnes - Bette Davis Eyes,,https://youtu.be/EPOIS5taqA8,,
Perez Prado - Cherry pink and apple blossom white ,,https://youtu.be/zj64NlRnpDY,,
Savage - Computerized Love ,,https://youtu.be/rvzEB87bdg0,,
June Grand - Shy girl ,,https://youtu.be/aDMTnFn9g5U,,
Black Box - Ride on time,,https://youtu.be/M0quXl_od3g,,
2 UNLIMITED - No limit ,,https://youtu.be/r6FVk2k4qsM,,
Madonna - Don't cry for me Argentina ,,https://youtu.be/KD_1Z8iUDho,,
Somewhere over the rainbow- The wizard of oz,,https://youtu.be/PSZxmZmBfnU,,
Muppet Songs - Mahna Mahna ,,https://youtu.be/TbZ_hTEOKZc,,
Muppet Songs - Elton John and miss Piggy,,https://youtu.be/cCM2ArKVdOo?t=48,,
Elton John - Pocket Man ,,https://youtu.be/CRCRKwXTSuY?list=PLWFF1ssLgyE3Mg9aRr34XxDZ_YPY22HVa,,
Whitney Houston - I will always love you,,https://youtu.be/3JWTaaS7LdU,,
Ice MC - SCREAM ,,https://youtu.be/btst0VEojP4,,
I've MC - Easy to remember ,,https://youtu.be/O3UWO_0roqw,,
"Группа ""Форум"" - Белая ночь ",,https://youtu.be/Jm-7DODaTvU,,
Виктор Салтыков - Островок ,,https://youtu.be/nnSTzbZ4qHk,,
Сектор газа - частушки ,,https://youtu.be/QMA8tcdxA9g,,
Браво - Вася ,,https://youtu.be/43RDuxe7CzM,,
Лунный кот ,,https://youtu.be/ecj0nN2LKhI,,
Мария Ржевская - Когда я стану кошкой ,,https://youtu.be/UZ9ac7vb8-E,,
Hi- fi - А мы любили ,,https://youtu.be/shN7zv0Ffuw?list=RDshN7zv0Ffuw,,
Musia Totibadze - мальчик ,,https://youtu.be/u7oaGISCkDg,,
Vanessa Paradis - Joe Le Taxi,,https://youtu.be/Ulay2FvUEd8,,
Mylene Farmer - Sans contrefacon,,https://youtu.be/uC7rYff565Q,,
Sandra - Around my heart ,,https://youtu.be/3FWF4cI6dME,,
DURI DURI - CLICK!,,https://youtu.be/F-57bg3fHB4,,
Vamos a la playa - righeira,,https://youtu.be/y0dPcjL5tBM,,
Валерий Меладзе - Девушка из высшего общества ,,https://youtu.be/sHEf4ETAJR0,,
Laid Back - High Society girl ,,https://youtu.be/F41Shch3580,,
Human League - Don't you want me ,,https://youtu.be/zM_T4wYZg0k,,
Den Harrow - Don't break my heart ,,https://youtu.be/1inAbFtQvUg,,
Kaleida - Take me to the river ,,https://youtu.be/SgSE0A_GaTM,,
Tony Esposito - Kalimba De Luna ,,https://youtu.be/DeG-g0xcUn4,,
Animation- Strange Behavior ,,https://youtu.be/KrkUFueXuHI,,
Межпланетный рынок животных - Александр Зацепин,,https://youtu.be/u4dqhDwcNjM?t=525,,
Jon Astley - The menu,,https://youtu.be/dDQND-YNkA4,,
C. C. Catch - Tears won't wash away my heartache,,https://youtu.be/mCLSMIROO1s,,
Blue System - My bed is too big,,https://youtu.be/pDzZj3-7-r4,,
Modern Talking - heaven will know ,,https://youtu.be/k0tUDtdS77o,,
Secret Service - Do you remember ,,https://youtu.be/DiW7Aigtum8,,
Secret Service - How I want you ,,https://youtu.be/hvQyg7v0GgI,,
Лучшие песни Secret Service ,,https://youtu.be/s__CHNUHD7I,,
Magazine 60- Pancho Villa,,https://youtu.be/KOMpA_nRKzo,,
69- Microlovr,,https://youtu.be/Z68JHf6tsOQ,,
Jessica Jay - Casablanca,,https://youtu.be/YFlIGdis77U,,
Miko Mission - The world is you ,,https://youtu.be/wfwHFTso-nQ,,
Righeira Vamos a la playa,,https://youtu.be/sTsVJ1PsnMs,,
Men at work - Down Under,,https://youtu.be/XfR9iY5y94s,,
Billy Joel - We didn't start the fire ,,https://youtu.be/eFTLKWw542g,,
Madonna - Like a Prayer,,https://youtu.be/79fzeNUqQbQ,,
Berlin - Take my Breath Away,,https://youtu.be/Bx51eegLTY8,,
a-ha - Take on me ,,https://youtu.be/djV11Xbc914,,
Procol Harum - A Whiter Shade Of Pale ,,https://youtu.be/z0vCwGUZe1I,,
The moody blues - nights in white satin ,,https://youtu.be/066HZlam91Y,,
Sting - Shape Of My Heart,,https://youtu.be/dOjFcx3GJHg,,
Richard Marx - Right Here Waiting ,,https://youtu.be/lyGQD1cH4xI,,
Alannah Myles - Black Velvet,,https://youtu.be/ZHHEmd5mECY,,
Bonnie Tyler - Total Eclipse of the heart ,,https://youtu.be/fSeFxzeo5Ts,,
Harry Nilsson - Without You ,,https://youtu.be/8dnUv3DUP4E,,
Eric Carmen - All by myself,,https://youtu.be/iN9CjAfo5n0,,
Kansas - Dust in the Wind ,,https://youtu.be/tH2w6Oxx0kQ,,
Neil Young - Heart Of Gold ,,https://youtu.be/c7eB7Wns1-M,,
Nazareth - Love Hurts ,,https://youtu.be/TyCPfdu1HoA,,
T'AS LE LOOK COCO LAROCHE VALMONT,,https://youtu.be/stb2LBFwa0I,,
Modern talking - One in a million ,,https://youtu.be/AqiKf57yZJM,,
Bad Boys Blue - Lady Blue,,https://youtu.be/VFpvWBLHgM4,,
Project - RomRec,,https://youtu.be/HXGgDSd4CZM?list=OLAK5uy_l4gJrwcxC-Qv_HPCEkJBYuaecZkjfNLxw,,
Вспышка - Капли вдоль,,https://youtu.be/5wiO00iyIv8,,
Orchestral Manoeuvres In The Dark - If you Leave ,,https://youtu.be/EPmTGFg06zA,,
Simple Minds - Don't you (Forget about me),,https://youtu.be/CdqoNKCCt7A,,
SKOOKINY DETI - Мокрые ночи,,https://www.youtube.com/watch?v=-Ep82XtJAiQ,,
Joe Cocker - With A Little Help From My Friends ,,https://youtu.be/l99DVq37LZg?list=PLjb5kMzP2zonqgb8BMTrnhyOt_mBOYQ9i,,
Jutie London - Cry Me A River,,https://youtu.be/gCGNYJOrebA,,
Peggy Lee - Fever,,https://youtu.be/JBANWpzsHts,,
Bill Withers - Lean on Me,,https://youtu.be/fOZ-MySzAac,,
Saphir - Shot in the night ,,https://youtu.be/98qad_1lPiI,,
Noel - Like a child ,,https://youtu.be/NscNFTWzvJg,,
Al Corley - Square Rooms,,https://youtu.be/mGfMAZ4RXB8,,
Cutting Crew - (I just) Died in your arms ,,https://youtu.be/rrJky8YuTr4,,
Fancy- Viva La Vida,,https://youtu.be/urvAY8aCGg8,,
The perfect day - Fischer - Z,,https://youtu.be/OyAcK3Jahn8,,
The Cult - Edie ( Ciao Baby),,https://youtu.be/soGVAAZHbu0,,
Warrant - Heaven ,,https://youtu.be/gGa3nd0lqQg,,
Warrant - Cherry Pie,,https://youtu.be/XJ8dhKOA2kY,,
Exile - kiss you all over,,https://youtu.be/8GymGszRFN8,,
Def Leppard - Love Bites ,,https://youtu.be/pxRHH5X0nIc,,
Sombarai - Mathias Duplessy,,https://youtu.be/MMK7ufeBOmg,,
Katya Celebrine & Maxim Nazarov- Светотень,,https://youtu.be/F2iFQFk3CT0,,
Гипнобаза - Драма,,https://youtu.be/u3jPrZFkkLU,,
Amethyst Flame - Голос,,https://youtu.be/ksHkZCAMDNc,,
Гипнобаза - Беспилотный мир,,https://youtu.be/Uk1-NT91llM,,
Makmyorfi - Яна - Ваня ,,https://www.youtube.com/watch?v=YdrwoCM_MJ0,,
Race to Space - Будем как Солнце,,https://youtu.be/3dSkYDiN_RI,,
Семен Слепаков - Жопа растет ,,https://youtu.be/gv27WYzz7IY?t=26,,
Семен Слепаков - Курица ,,https://www.youtube.com/watch?v=rmBkGRGQSJw,,
"…опа есть, а слова нет ",,https://youtu.be/94_-EhYJqZ8,,
Silicon Dream - Andromeda,,https://youtu.be/qBrjysAxwo0,,
Jazzdauren - Дарите женщинам цветы ,,https://youtu.be/bdGOGqkN6Po,,
Отпетые Мошенники- Девушки бывают разные ,,https://www.youtube.com/watch?v=fW68oWV9uE4,,
Zemfira - Созрела,,https://youtu.be/czFPjG0KRY0,,
Отпетые Мошенники - Люби Меня люби ,,https://youtu.be/XOoNJPLlKjY,,
Roxanne - Charlene ,,https://youtu.be/DfMotpCOWTI,,
Chris Norman - Hunters Of the night maxi,,https://youtu.be/WHlb_W6GjK4?list=RDDfMotpCOWTI,,
Koto Visitors ,,https://youtu.be/GubZD0IfWvI?list=RDDfMotpCOWTI,,
Sandra - Little girl,,https://youtu.be/MhytRCMN0ko,,
Sandra - Everlasting Love,,https://youtu.be/_Ry7ISzD2xA?list=RDDfMotpCOWTI,,
Silver Pozzoli - Around my dream ,,https://youtu.be/Z5tqN2RkYo8?list=RDDfMotpCOWTI,,
Take me up - Scotch,,https://youtu.be/f0dlwUKCt8A?list=RDDfMotpCOWTI,,
"Linda Jo Russo - You're my first, you're my last ",,https://youtu.be/_kX0_fJ1N8M?list=RDDfMotpCOWTI,,
Bad Boys Blue - A Train to Nowhere,,https://youtu.be/pqePJb2dZ-0?list=RDDfMotpCOWTI,,
Erasure- Ship of Fools,,https://youtu.be/ekc_aR5LyAk,,
Men at work - Who can it be now?,,https://youtu.be/SECVGN4Bsgg?list=PLgaFNC_I_Zkk_4YGBK1Yg2zmI55pdS5FU,,
Kim Wilde - You keep me Hanging On,,https://youtu.be/I_3gLp6k7ZE,,
Toto- Hold The Line,,https://youtu.be/htgr3pvBr-I,,
Dire Straits- Sultans Of Swing ,,https://youtu.be/h0ffIJ7ZO4U,,
ZZ Top - Sharp Dressed Man,,https://youtu.be/7wRHBLwpASw,,
Pete Shelley Telephone Operator ,,https://youtu.be/MA5oz8b3UJM,,
The Alan Parsons Project - Eye in the Sky,,https://youtu.be/56hqrlQxMMI,,
Деревянные киты - Не помню не слышу ,,https://youtu.be/NYVeTyUZY_g,,
Вспышка - Сатурн ,,https://youtu.be/Oj75jEhKS0Q,,
Аура - Канон,,https://youtu.be/JLRrAqSSCjI,,
Удары синтезаторов - Предчувствие космоса ,,https://youtu.be/Kjxs_pXFOb4,,
Наукоград - Мечты ,,https://youtu.be/x7xevAPdPMU,,
BrainStorm - Ветер,,https://youtu.be/I42-CayHVnA,,
BrainStorm - Maybe,,https://youtu.be/J-CmEbXH90M,,
Johnny Cash - Personal Jesus,,https://youtu.be/K3QDDlWmR9Q,,
Sasha - Golden Arm ,,https://youtu.be/gFzT64jrj0w,,
Горячие головы - Бананылопалабомба,,https://youtu.be/crIyYHgJ984,,
Kino - Кончится лето ,,https://youtu.be/8L9twaOEYhY,,
Alyne - Over the sky,,https://youtu.be/zAF00udvNVc,,
AirPlay - For your love ,,https://youtu.be/LIo9mZPqOlM,,
Taylor Dayne - Tell it to My Heart,,https://youtu.be/OtXIsUjDOk8,,
Sonique - Sky,,https://youtu.be/7hY-BSpANyw,,
September - Cry for you,,https://youtu.be/hdIV_3IOQlM,,
Sonique- It Feels So Good,,https://youtu.be/0bcYxH65kSg,,
The Beloved - Sweet Harmony ,,https://youtu.be/rP9Z5Pc8cRM,,
La Roux - I'm not your toy,,https://youtu.be/ew_c5ewoVQk,,
La Roux - Quicksand ,,https://youtu.be/kErEUhlPoMU,,
Republica - Drop Dead Gorgeous ,,https://youtu.be/xRtFnxwmM3M,,
Pulp - Common People ,,https://youtu.be/dxhQiiNJG74,,
The cardigans - My favourite game ,,https://youtu.be/u9WgtlgGAgs,,
The cardigans - Erase ,Your favourite ❤️,https://youtu.be/6WOYnv59Bi8,,
Soul Asylum - Runaway Train ,,https://youtu.be/NRtvqT_wMeY,,
Mr Big - To be with you,,https://youtu.be/L6-uJLteKek,,
Bjorn Skifs - Hooked on a feeling ,,https://youtu.be/7q0UTFq-o-o,,
King Harvest - Dancing in the Moonlight ,,https://youtu.be/0eHBLHVHjWg,,
Norman Greenbaum - Spirit in the sky,,https://youtu.be/xi_3GtQN2IA,,
Cheap Trick - If you want my love ,,https://youtu.be/Zzew738f5TA,,
Cheap Trick - The Flame ,,https://youtu.be/2u6uXuT9pm4,,
Corey Hart - Sunglasses at night ,,https://youtu.be/56HSPQHSqEE,,
Pat Benatar - Invincible ,,https://youtu.be/5A4xBp2rizQ,,
Steve - Winwood - Higher love,,https://youtu.be/1KEDrIrDFwA,,
Foreigner - Say you will,,https://youtu.be/5atiLWT4emI,,
John Waite - Missing you ,,https://youtu.be/Tg7vvmlrRzc,,
Carrie - Europe ,Your favourite ❤️,https://youtu.be/MkgJ8rXZGXA,,
Melanie C - I turn to you ,,https://youtu.be/8E7yYNGIKvk,,
X- Perience - A Neverending Dream ,,https://youtu.be/xy4qkciGLYY,,
Tori Amos - Crucify,,https://youtu.be/9ipCKIxdHTs?list=RD9ipCKIxdHTs,,
Kylie Minogue - Confide in me ,,https://youtu.be/WSFDCmmsqEI,,
Kylie Minogue - Fever,,https://youtu.be/1ELTGmex01w?list=PLlq7Qg7QtlOHRekzGA1ecWd3liIn1RY5M,,
YES - Owner of a lonely Heart,,https://youtu.be/SVOuYquXuuc,,
Love and Rockets - So Alive,,https://youtu.be/-L41MhFPU9s,,
Деревянные киты - Не помню не слышу,,https://www.youtube.com/watch?v=NYVeTyUZY_g,,
Crossroads - Diamond rain ,,https://youtu.be/Tr-ioGo6lU8,,
The Pretenders - I'll stand by you ,,https://www.youtube.com/watch?v=nobHZ3nOp38,,
Foreigner - Waiting for a girl like you ,,https://www.youtube.com/watch?v=RIdfPBmUAXc,,
Double - The captain of her heart ,,https://youtu.be/WvVv8R--6TQ,,
Jackson Browne - Somebody's Baby ,,https://youtu.be/KMeQ3LxA30k,,
Peter Gabriel - In your eyes ,,https://youtu.be/8N6G0RVeFBQ,,
Benny Mardones - Into the night ,,https://youtu.be/-9URZgAqeqo,,
Mike + The mechanics - All I need is a miracle ,,https://youtu.be/rlm-SlJOhwg?si=paFo6NMvFpETq9fM,,
Daryl Hall & John Oates - Kiss on my list ,,https://youtu.be/YOuhYuZLNYw,,
REO Speedwagon - Keep on loving you ,,https://youtu.be/XKc7z-enzmA,,
REO Speedwagon - Can't fight this feeling ,,https://youtu.be/z_WYwfrMFko,,
Marx & Spencer - Stay,,https://youtu.be/B-mzkHzQ0_c?si=iKRJFx9pgYYIUkqW,,
3 Doors Down - Here without you ,,https://youtu.be/kPBzTxZQG5Q,,
U2 - With or without you ,,https://youtu.be/ujNeHIo7oTE,,
Beverley Craven - Promise me ,,https://youtu.be/EmTBKbyaEjU?list=PLBii4mTslcncHD6PrsFYkPi8kkfvn-DEE,,
Ten Sharp - You ,,https://youtu.be/SZQpVX8RIZY?list=PLBii4mTslcncHD6PrsFYkPi8kkfvn-DEE,,
The Farm - All together now ,,https://youtu.be/iRgtzZ-mOQo?list=PLBii4mTslcncHD6PrsFYkPi8kkfvn-DEE,,
Youssou N'Dour - 7 seconds ft.Neneh Cherry ,,https://youtu.be/wqCpjFMvz-k?list=PLBii4mTslcncHD6PrsFYkPi8kkfvn-DEE,,
Donna Lewis - I love you always forever,,https://youtu.be/SqdWTeXWvOg?list=PLBii4mTslcncHD6PrsFYkPi8kkfvn-DEE,,
Duran Duran - Come Undone ,,https://youtu.be/Epj84QVw2rc,,
John Lennon - Imagine ,,https://youtu.be/ugrAo8wEPiI,,
The Beatles - Let it be ,,https://youtu.be/CGj85pVzRJs,,
Lynyrd Skynyrd - Simple Man ,,https://youtu.be/l-5aPNxv-pU,,
Harry Chapin - Cats in the cradle,,https://youtu.be/puJt66y0TBw,,
Dire Straits - Brothers in arms,,https://youtu.be/jhdFe3evXpk,,
Sting - Fields of gold,,https://youtu.be/KLVq0IAzh1A,,
R.E.M - Losing my religion ,,https://youtu.be/xwtdhWltSIg,,
Counting Crows - Mr.Jones ,,https://youtu.be/-oqAU5VxFWs,,
"Ozzy Osbourne - Mama, I'm coming home ",,https://youtu.be/K0siYUjV9UM,,
Ozzy Osbourne - Dreamer ,,https://youtu.be/LCCiwPEdEpg,,
Ozzy Osbourne - I just want you ,,https://youtu.be/G4nI2V07X6k,,
Green Day - Wake me up when September Ends,,https://youtu.be/ulRXvH8VOl8,,
Freddie Mercury - The Great Pretender,,https://youtu.be/mLRjFWDGs1g,,
Freddie Mercury - Living On my own ,,https://youtu.be/HTdd8QxifbY,,
Queen - Don't stop me now ,,https://youtu.be/HgzGwKwLmgM,,
Jigsaw - Sky High ,,https://youtu.be/QjtD8A-MWBc,,
Laid Back - Sunshine Peggae,,https://youtu.be/R82XGJV_nkU,,
Bananarama - Cruel Summer,,https://youtu.be/l9ml3nyww80,,
Soft Cell - Tainted Love,,https://youtu.be/XZVpR3Pk-r8,,
"Dexys Midnight Runners, Kevin Rowland - Come on Eileen",,https://youtu.be/6BODDyZRF6A,,
Pet Shop Boys - Always on my mind ,,https://youtu.be/bDMCwSP5nf0,,
Бон Хей - Товарищ Горбачев ,,https://youtu.be/sXA8viXYjfU,,
Лариса Долина - Льдинка,,https://youtu.be/Tp1FOAZ-aog,,
Kaada - Hardangervidda,,https://youtu.be/CpZD-Vwt5S8?si=dKeDipYTCiEAuYxB,,
Био - Старая лампа ,,https://www.youtube.com/watch?v=-4l5zwG8fbU,,
05- 130 по встречной на старенькой Vespa,,https://youtu.be/8NczCKyuGW8?list=RDEMh-bvrVTTk5wq6mJgejy3WQ,,
Суперюность - Лужи,,https://youtu.be/ZFXdN1HKxJc,,
ATB - Let u go,,https://youtu.be/K7kmaRfB19M,,
Maxx - Get a Way,,https://youtu.be/7uhWJATdXMA,,
Reflex - Потому что не было тебя,,https://youtu.be/lf2VPm8rK48,,
Him - Join me in Death ,,https://youtu.be/6kCe_VZztUg,,
Club Caviar - Game over ,,https://youtu.be/EcbIZGubUAk,,
Наталия Власова - Я у твоих ног ,,https://youtu.be/04gL797S2-U,,
TURBOMODA - Позови ,,https://youtu.be/CyEt6XC1VPs,,
Antiloop - Believe ,,https://youtu.be/SawRLLbFNzk,,
Группа Русский мальчик ( Виталий Гарин) - Моей Леди будешь ,,https://youtu.be/VlX3zOqRAlU,,
Pino - D'Angio - Okay okay ,,https://youtu.be/VRUH6R25O0A,,
Павел Гладунов - Девушка грез ,,https://youtu.be/fnkpVcgexzk,,
The Hurricanes - Only one night ,,https://youtu.be/12cLQSTHj7g,,
Global Communication - 14:31,,https://youtu.be/vv091qdGzjU,,
Nek - Se Una regola c'è,,https://youtu.be/wb378vwhXWI,,
Chronos - Leaving Geia,,https://youtu.be/KwXqxgfFBd8,,
"Positronic dream - Сергей Метяев ( проект ""Astral Electronic"")",,https://youtu.be/REtl4pxrzVA?t=1646,,
Sixpence None the Richer - Don't dream it's over ,,https://youtu.be/ZUHKDHkRasc,,
Полина Ростова - Падала звезда ,,https://youtu.be/dOHMPlevxHc,,
El Bimbo - Paul Mauriat,,https://youtu.be/EAL5b1Gv0vY,,
Луна - Отношения ,,https://youtu.be/54ytuVGQsas,,
Бумажные тигры - Дым и зеркало ,,https://youtu.be/kpkGu3lXNtY,,
Перемотка - Встречная ,,https://youtu.be/cGswe_nALpY,,
The Platters - Smoke Gets in Your Eyes ,,https://youtu.be/H2di83WAOhU,,
The Five Satins - In the still of the night ,,https://youtu.be/ak6tttHk_R8,,
The Statler Brothers - Flowers on the wall,,https://youtu.be/ByVYVvnYOiw?si=dkwwi6VHbKb_Kmet,,
Midnight Express Theme - The Chase,,https://youtu.be/bTHDa6Akqvo?list=PLHhposZaOt6Gw-bgsUSV_1lqNDtGUZCxz,,
Giorgio Moroder - Racer ,,https://youtu.be/YT0k99hCY5I?list=PLHhposZaOt6Gw-bgsUSV_1lqNDtGUZCxz,,
Би-2 - Варвара,,https://youtu.be/T18deTeV0RI,,
Chaif (Шахрин Владимир)  - Поплачь о нем ,,https://youtu.be/uEQnRDKGwIU,,
Chaif (Шахрин Владимир) - 17 лет ,,https://youtu.be/IzRUN4kA3OE,,
Би-2 - Ее глаза ,,https://youtu.be/x-3R7iQWTXA,,
Сергей Паради - А у моей Оли ,,https://youtu.be/WW6TOD7IujA,,
"Жанна Агузарова и группа ""Браво"" - Ленинградский рок-н-ролл ",,https://youtu.be/PQLwAMMZo7Y,,
Браво - Кошки ,,https://youtu.be/MxS6a93Gmg8,,
А Студио - Джулия ,,https://youtu.be/-DhBApTnFog,,
ВИА - Не волнуйся тетя ,,https://youtu.be/FIZxpmohOlk,,
Александр Барыкин - Аэропорт ,,https://youtu.be/UvUJsbE30j0,,
Павел Смеян - Непогода ,,https://youtu.be/LJY36YlD1bk,,
Павел Смеян - Ветер перемен ,,https://youtu.be/PhaZdVSouQg,,
Электронный мальчик - Дитер Болен не курит ,,https://youtu.be/oq6fzKEPLxM,,
Mario Piu - Communication ,,https://youtu.be/0kHma2FtwAQ,,
Casco - Cybernetic Love,,https://youtu.be/c6x5vyWpw-Q,,
Soulsavers & Dave Gahan - The Last Time ,,https://youtu.be/WJhXY9BVPS0,,
Martik C - Megamix,,https://youtu.be/rkINnGpws80,,
Pinballsound - Дирижабль,,https://www.youtube.com/watch?v=zWq5nKUlcOI,,
2 Brothers On The 4th Floor - Never Alone,,https://youtu.be/6B9ag_RYkeQ,,
SEREBRO - Мама Люба ,,https://youtu.be/rFvV5_UnSeM?list=RDNc-4YyxoqW0,,
Пающие трусы - Поху_дела,,https://youtu.be/k7Ln6SovZzI,,
"Танцы на завтрак, танцы на обед, танцы на ужин - вот и весь секрет - Татьяночка ",,https://youtu.be/IgRuiNs3WYQ,,
Посмотри в глаза - Наталья Ветлицкая ,,https://youtu.be/Ax4oeu6jsWk?list=RDNc-4YyxoqW0,,
Verka Serduchka - Все будет хорошо ,,https://youtu.be/KRVhWPignvU?list=RDNc-4YyxoqW0,,
Светлана Рерих - Ладошки ,,https://youtu.be/DLHlBWXtTjQ?list=RDNc-4YyxoqW0,,
Ногу свело! - Хару Мамбуру ,,https://youtu.be/xutpxia3Qkc?list=RDNc-4YyxoqW0,,
Артур Пирожков - Алкоголичка ,,https://youtu.be/47JI4G-qYmc?list=RDNc-4YyxoqW0,,
Little Big - FARADENZA ,,https://youtu.be/1t_sMynan_k,,
Время и Стекло - Тролль,,https://youtu.be/q--5Ht49vNY,,
Время и Стекло - На стиле ,,https://youtu.be/tJ7JcweIOZ4,,
Время и Стекло - Дим,,https://youtu.be/NJPXs7J7JyY,,
Coldplay - Talk ,,https://youtu.be/EH9meoWmAOM,,
Capital Cities - Safe and Sound ,,https://youtu.be/mQmOZX-8EZI,,
Beat Control - Dancing Madness,,https://youtu.be/vMsHnPnrhxk,,
Deep Purple - Clearly Quite Absurd ,,https://youtu.be/DU0Hqgfz4IQ,,
Future Sound Of London - Cascade ,,https://youtu.be/WVRAPIXzb1o,,
The Irresistible Force - Moonrise,,https://youtu.be/NWi7eRXML2A,,
John Davis - Who do you love ,,https://youtu.be/mbKW9gwa7-Q,,
Dave Gahan - Hold On ,,https://youtu.be/qQ_3tdNHLSY?si=-GZLJsub8lTeLeL9,,
Dave Gahan - I need you ,,https://youtu.be/5FFVgeBnwDQ,,
Depeche Mode - NightRide Mix #1,,https://youtu.be/-hHzSqPGh9w,,
Smokie - For a Few Dollars More ,,https://youtu.be/6EFRzuIJnbo,,
"Chris Norman, Suzi Quatro - Stumblin'in",,https://youtu.be/0AbvnTgGH8s,,
Smokie - If you think you know how to love ,,https://youtu.be/rRFzCNnBINs,,
Ella Fitzgerald and Louis Armstrong - Summertime ,,https://youtu.be/dkFBwGQ2H-Y,,
Somerset - Как надо ,,https://youtu.be/XnqDfOR_LXU,,
Полярность - Если будешь ,,https://youtu.be/77XyRfwaPKg,,
Somerset - друг ,,https://youtu.be/T3Xf4kK5WZg,,
Somerset - Никогонетрусь,,https://youtu.be/bsOjk2cuDrk,,
Somerset - Звонок ,,https://youtu.be/Y5SGirU-pMc?list=OLAK5uy_nYRkPXvy2vQZOhsCibu4zuZojwrLRS6Zg,,
Hadn Dadn - Мы сегодня дома ,,https://youtu.be/d4LCf2C56xA?list=RDXnqDfOR_LXU,,
PALINA - Дёготь ,,https://youtu.be/dBxIaGfM6hM?list=RDXnqDfOR_LXU,,
Klavdia Petrivna - Я щаслива ,,https://youtu.be/5NdY00-Xc6M,,
Klavdia Petrivna - Знайди мене ,,https://youtu.be/82YXySmzq9k,,
Несчастный случай - Что ты имела ввиду ,,https://youtu.be/cnn8T8zVvqs?si=qfvhxRh_7-NLkUS4,,
Martin Ansell - The eighth wonder ,,https://youtu.be/hZaje5UU3uA,,
Wenn der Mond die Sonne berührt ,,https://youtu.be/q9vY_vRmve8,,
Lana Del Rey - Summertime Sadness,,https://youtu.be/TdrL3QxjyVw,,
Zhanulka - Ты похож на кота ,,https://youtu.be/3VyhXHGrag4?list=RDXnqDfOR_LXU,,
"Dave Gahan, Soulsavers - All Of This and Nothing ",,https://youtu.be/cXzppoqAaRc,,
Depeche mode - World in my Eyes ( Andrew Fletcher),,https://youtu.be/6Wk-FHruZio,,
Demo - Давайте петь! ,,https://www.youtube.com/watch?v=wL8HhJY_ATw,,
Ва-Банкъ - Эльдорадо ,,https://youtu.be/X8p9A4tqFgw,,
КАИР - Мой друг ,,https://youtu.be/9v8B7yM7dTQ,,
ЛУЧ - Безоблачное небо,,https://youtu.be/xaxWA6uW6_o,,
Мобильные Блондинки - Плюшевый мишка  ,,https://youtu.be/7lJ5ENtjppM,,
Мобильные Блондинки - Новый кот ,,https://youtu.be/Uj3bvDvRnPM,,
Бужба - Веселые риффы,,https://youtu.be/9Z0VQyGLtjk,,
Bulb - Lonely Gravity,,https://youtu.be/WXT54NiFu88,,
Orleya - Lovesong,,https://youtu.be/pzwOMCN9HSU,,
Nina Simone - Feeling Good,,https://youtu.be/BNMKGYiJpvg?list=PLuIvlss_3daadrMpUVNtSAlfFT1jdZxp3,,
Sandra - Free Love ,,https://youtu.be/EHPK6sNbLFg,,
Юрий Визбор - Ты у меня одна ,,https://youtu.be/wUPnqqPXQsw,,
Ирина Антропова - Милая моя солнышко лесное ,,https://youtu.be/n5pDiSDQdHw,,
Chris Rea Shade - Delicate Like You and Me,,https://youtu.be/av8KffibOIY,,
Spandau Ballet- True,,https://youtu.be/AR8D2yqgQ1U?list=PL4WX2Ij4nZY1dX3IolFi61FBXw14fsFjb,,
Heart - All I wanna do is make love to you,,https://youtu.be/1AjNZx_l310?list=PL4WX2Ij4nZY1dX3IolFi61FBXw14fsFjb,,
Slade - My Oh My,,https://youtu.be/3q2WANqtmM0?list=PL4WX2Ij4nZY1dX3IolFi61FBXw14fsFjb,,
Bill Withers - Ain't No Sunshine,,https://youtu.be/Nuanwn3v-2I,,
Diana Ross - Ain't No Mountain High Enough ,,https://youtu.be/EjCz_sUVZ5U,,
Bobby Hebb - Sunny ,,https://youtu.be/J-5xGXpNt74,,
Frankie Valli - Can't take my eyes off you ,,https://youtu.be/DYwQy_9JPtQ,,
Dean Martin - That's Amore ,,https://youtu.be/RUz1pZ_LujU,,
Patsy Cline - Crazy,,https://youtu.be/CKTOvHw8qFM,,
Engelbert Humperdinck - Release Me ,,https://www.youtube.com/watch?v=s2gNZ04s8_w,,
Pat Boone - Love Letters In the sand ,,https://youtu.be/HyFFH-Za7yU,,
Tom Petty - Free Fallin',,https://youtu.be/1lWJXDG2i0A,,
Pink Floyd - Learning To Fly ,,https://youtu.be/nVhNCTH8pDs,,
Blind Melon - No Rain ,,https://youtu.be/3qVPNONdF58,,
Technohead - I wanna Be A Hippy,,https://youtu.be/nmYi5u9BhtI,,
Tom Petty and The Heartbreakers - I won't Back Down ,,https://www.youtube.com/watch?v=nvlTJrNJ5lA&list=PLyxKCmj_pdLHpax4YtUqorm1spAkERGI0,,
Boston - More Than A Feeling ,,https://youtu.be/zOILAZHf2pE,,
Supertramp - Take The Long Way Home ,,https://youtu.be/LPRrHyXchEY,,
Supertramp - Give A Little Bit,,https://youtu.be/J9JOut9yh5g,,
King Harvest - Dancing in the Moonlight ,,https://youtu.be/g5JqPxmYhlo,,
Ric Ocasek - Emotion In Motion ,,https://youtu.be/uVXy7AsjvL4,,
The Cars - Since you're gone,,https://youtu.be/1JnQfKIFERU,,
The Cars - Tonight She comes ,,https://youtu.be/XlfH1SR0mnc,,
The Cars - You Might Think ,,https://youtu.be/3dOx510kyOs,,